query,gold_label,predicted_template,template_confidence,template_id,template_match,entities,resolved_entities,masked_query,cypher_parameters,triplet_slots,cypher_strategy,kg_row_count,kg_hop_path,summary,error
What is transit exposure of sulphur via UAE?,F_Simple,F_Simple,0.591804158970364,simple_triplet,True,"[""sulphur"", ""UAE""]","[{""entity"": ""sulphur"", ""matched_node_name"": ""Sulphur"", ""matched_id"": ""RM_SULPHUR"", ""matched_type"": ""RAW_MATERIAL"", ""similarity"": 1.0, ""source"": ""gazetteer""}, {""entity"": ""UAE"", ""matched_node_name"": ""Gulf producers"", ""matched_id"": ""G_GCC"", ""matched_type"": ""GEOGRAPHY"", ""similarity"": 0.99, ""source"": ""alias""}]",What is transit exposure of <RAW_MATERIAL> via <GEOGRAPHY>?,"{""nnp1"": ""G_GCC"", ""prop1"": ""TRANSITS"", ""nn1"": ""GEOGRAPHY""}","{""nnp1"": ""G_GCC"", ""nnp2"": ""G_GCC"", ""nnp3"": null, ""prop1"": ""TRANSITS"", ""nn1"": ""GEOGRAPHY"", ""nn2"": ""GEOGRAPHY"", ""threshold"": null}",,0,,,
How does government intervention affect Telecom & Connectivity?,F_Simple,F_Simple,0.6044411425064179,simple_triplet,True,"[""Telecom & Connectivity""]","[{""entity"": ""Telecom & Connectivity"", ""matched_node_name"": ""Telecom & Connectivity"", ""matched_id"": ""S_TELECOM"", ""matched_type"": ""SECTOR"", ""similarity"": 1.0, ""source"": ""gazetteer""}]",How does government intervention affect <SECTOR>?,"{""nnp1"": ""S_TELECOM"", ""prop1"": ""HURT_BY"", ""nn1"": ""SECTOR""}","{""nnp1"": ""S_TELECOM"", ""nnp2"": null, ""nnp3"": null, ""prop1"": ""HURT_BY"", ""nn1"": ""SECTOR"", ""nn2"": null, ""threshold"": null}",,0,,,
Trace the path from Oman to Federal Bank via marine war-risk premium.,F_Simple,F_Simple,0.5224411336752844,simple_triplet,True,"[""Oman"", ""Federal Bank"", ""marine war-risk premium""]","[{""entity"": ""Oman"", ""matched_node_name"": ""Oman"", ""matched_id"": ""G_OMAN"", ""matched_type"": ""GEOGRAPHY"", ""similarity"": 1.0, ""source"": ""gazetteer""}, {""entity"": ""Federal Bank"", ""matched_node_name"": ""Federal Bank"", ""matched_id"": ""C_FEDERALBNK"", ""matched_type"": ""COMPANY"", ""similarity"": 1.0, ""source"": ""gazetteer""}, {""entity"": ""marine war-risk premium"", ""matched_node_name"": ""Marine war-risk premium"", ""matched_id"": ""M_WARRISK"", ""matched_type"": ""MACRO_VAR"", ""similarity"": 1.0, ""source"": ""gazetteer""}]",Trace the path from <GEOGRAPHY> to <COMPANY> via <MACRO_VAR>.,"{""nnp1"": ""C_FEDERALBNK"", ""prop1"": ""TRANSITS"", ""nn1"": ""COMPANY""}","{""nnp1"": ""C_FEDERALBNK"", ""nnp2"": ""M_WARRISK"", ""nnp3"": null, ""prop1"": ""TRANSITS"", ""nn1"": ""COMPANY"", ""nn2"": ""MACRO_VAR"", ""threshold"": null}",,0,,,
Explain hedging strategy of InterGlobe Aviation for bond yields.,F_Simple,F_Simple,0.5003900017445428,simple_triplet,True,"[""InterGlobe Aviation"", ""bond yields""]","[{""entity"": ""InterGlobe Aviation"", ""matched_node_name"": ""InterGlobe Aviation"", ""matched_id"": ""C_INDIGO"", ""matched_type"": ""COMPANY"", ""similarity"": 1.0, ""source"": ""gazetteer""}, {""entity"": ""bond yields"", ""matched_node_name"": ""RBI policy rate"", ""matched_id"": ""M_REPO"", ""matched_type"": ""MACRO_VAR"", ""similarity"": 0.99, ""source"": ""alias""}]",Explain hedging strategy of <COMPANY> for <MACRO_VAR>.,"{""nnp1"": ""C_INDIGO"", ""prop1"": ""TRANSITS"", ""nn1"": ""COMPANY""}","{""nnp1"": ""C_INDIGO"", ""nnp2"": ""M_REPO"", ""nnp3"": null, ""prop1"": ""TRANSITS"", ""nn1"": ""COMPANY"", ""nn2"": ""MACRO_VAR"", ""threshold"": null}",company_hurt_by,2,"Template: simple_triplet (F_Simple)
Query intent: Simple question: subject linked to objects via a predicate.

Row 1: company_name=InterGlobe Aviation | risk_name=Brent crude price | risk_type=MACRO_VAR
Row 2: company_name=InterGlobe Aviation | risk_name=USD/INR | risk_type=MACRO_VAR",,
Name beneficiaries in Aviation from oil supply shock.,F_Simple,F_Simple,0.5845028718305838,simple_triplet,True,"[""Aviation"", ""oil supply shock""]","[{""entity"": ""Aviation"", ""matched_node_name"": ""Aviation"", ""matched_id"": ""S_AVIATION"", ""matched_type"": ""SECTOR"", ""similarity"": 1.0, ""source"": ""gazetteer""}, {""entity"": ""oil supply shock"", ""matched_node_name"": ""Strait of Hormuz disruption"", ""matched_id"": ""E_HORMUZ"", ""matched_type"": ""EVENT"", ""similarity"": 0.99, ""source"": ""alias""}]",Name beneficiaries in <SECTOR> from <EVENT>.,"{""nnp1"": ""S_AVIATION"", ""prop1"": ""TRANSITS"", ""nn1"": ""SECTOR""}","{""nnp1"": ""S_AVIATION"", ""nnp2"": ""E_HORMUZ"", ""nnp3"": null, ""prop1"": ""TRANSITS"", ""nn1"": ""SECTOR"", ""nn2"": ""EVENT"", ""threshold"": null}",,0,,,
